zip_code,latitude,longitude,city,state,county,Hub Lat,Hub Long
85364,32.615305,-114.648722,Yuma,AZ,Yuma,,
85365,32.709332,-114.490471,Yuma,AZ,Yuma,,
85366,32.609959,-114.631172,Yuma,AZ,Yuma,,
85367,32.656575,-114.404216,Yuma,AZ,Yuma,,
85369,32.751632,-114.074901,Yuma,AZ,Yuma,,
85001,33.703967,-112.351835,Phoenix,AZ,Maricopa,,
85002,33.276539,-112.18717,Phoenix,AZ,Maricopa,,
85003,33.276539,-112.18717,Phoenix,AZ,Maricopa,,
85004,33.276539,-112.18717,Phoenix,AZ,Maricopa,,
85005,33.276539,-112.18717,Phoenix,AZ,Maricopa,,
85006,33.276539,-112.18717,Phoenix,AZ,Maricopa,,
85007,33.276539,-112.18717,Phoenix,AZ,Maricopa,,
85008,33.446797,-111.953512,Phoenix,AZ,Maricopa,,
85009,33.447489,-111.96942,Phoenix,AZ,Maricopa,,
85010,33.276539,-112.18717,Phoenix,AZ,Maricopa,,
85011,33.276539,-112.18717,Phoenix,AZ,Maricopa,,
85012,33.276539,-112.18717,Phoenix,AZ,Maricopa,,
85013,33.276539,-112.18717,Phoenix,AZ,Maricopa,,
85014,33.276539,-112.18717,Phoenix,AZ,Maricopa,,
85015,33.478293,-112.115805,Phoenix,AZ,Maricopa,,
85016,33.276539,-112.18717,Phoenix,AZ,Maricopa,,
85017,33.276539,-112.18717,Phoenix,AZ,Maricopa,,
85018,33.482033,-111.735322,Phoenix,AZ,Maricopa,,
85019,33.276539,-112.18717,Phoenix,AZ,Maricopa,,
85020,33.276539,-112.18717,Phoenix,AZ,Maricopa,,
85021,33.276539,-112.18717,Phoenix,AZ,Maricopa,,
85022,33.276539,-112.18717,Phoenix,AZ,Maricopa,,
85023,33.276539,-112.18717,Phoenix,AZ,Maricopa,,
85024,33.276539,-112.18717,Phoenix,AZ,Maricopa,,
85025,33.422621,-111.723635,Phoenix,AZ,Maricopa,,
85026,33.276539,-112.18717,Phoenix,AZ,Maricopa,,
85027,33.276539,-112.18717,Phoenix,AZ,Maricopa,,
85028,33.382744,-111.66139,Phoenix,AZ,Maricopa,,
85029,33.276539,-112.18717,Phoenix,AZ,Maricopa,,
85030,33.276539,-112.18717,Phoenix,AZ,Maricopa,,
85031,33.276539,-112.18717,Phoenix,AZ,Maricopa,,
85032,33.276539,-112.18717,Phoenix,AZ,Maricopa,,
85033,33.276539,-112.18717,Phoenix,AZ,Maricopa,,
85034,33.431304,-111.987383,Phoenix,AZ,Maricopa,,
85035,33.276539,-112.18717,Phoenix,AZ,Maricopa,,
85036,33.276539,-112.18717,Phoenix,AZ,Maricopa,,
85037,33.276539,-112.18717,Phoenix,AZ,Maricopa,,
85038,33.276539,-112.18717,Phoenix,AZ,Maricopa,,
85039,33.276539,-112.18717,Phoenix,AZ,Maricopa,,
85040,33.367267,-112.066878,Phoenix,AZ,Maricopa,,
85041,33.379728,-112.112254,Phoenix,AZ,Maricopa,,
85043,33.276539,-112.18717,Phoenix,AZ,Maricopa,,
85044,33.338743,-111.97277,Phoenix,AZ,Maricopa,,
85045,33.302168,-112.122581,Phoenix,AZ,Maricopa,,
85046,33.276539,-112.18717,Phoenix,AZ,Maricopa,,
85048,33.316039,-112.066901,Phoenix,AZ,Maricopa,,
85050,33.276539,-112.18717,Phoenix,AZ,Maricopa,,
85051,33.276539,-112.18717,Phoenix,AZ,Maricopa,,
85053,33.276539,-112.18717,Phoenix,AZ,Maricopa,,
85054,33.276539,-112.18717,Phoenix,AZ,Maricopa,,
85055,33.276539,-112.18717,Phoenix,AZ,Maricopa,,
85060,33.276539,-112.18717,Phoenix,AZ,Maricopa,,
85061,33.276539,-112.18717,Phoenix,AZ,Maricopa,,
85062,33.276539,-112.18717,Phoenix,AZ,Maricopa,,
85063,33.276539,-112.18717,Phoenix,AZ,Maricopa,,
85064,33.276539,-112.18717,Phoenix,AZ,Maricopa,,
85065,33.276539,-112.18717,Phoenix,AZ,Maricopa,,
85066,33.276539,-112.18717,Phoenix,AZ,Maricopa,,
85067,33.276539,-112.18717,Phoenix,AZ,Maricopa,,
85068,33.276539,-112.18717,Phoenix,AZ,Maricopa,,
85069,33.276539,-112.18717,Phoenix,AZ,Maricopa,,
85070,33.276539,-112.18717,Phoenix,AZ,Maricopa,,
85071,33.276539,-112.18717,Phoenix,AZ,Maricopa,,
85072,33.276539,-112.18717,Phoenix,AZ,Maricopa,,
85073,33.276539,-112.18717,Phoenix,AZ,Maricopa,,
85074,33.276539,-112.18717,Phoenix,AZ,Maricopa,,
85075,33.276539,-112.18717,Phoenix,AZ,Maricopa,,
85076,33.276539,-112.18717,Phoenix,AZ,Maricopa,,
85077,33.276539,-112.18717,Phoenix,AZ,Maricopa,,
85078,33.276539,-112.18717,Phoenix,AZ,Maricopa,,
85079,33.276539,-112.18717,Phoenix,AZ,Maricopa,,
85080,33.276539,-112.18717,Phoenix,AZ,Maricopa,,
85082,33.276539,-112.18717,Phoenix,AZ,Maricopa,,
85085,33.276539,-112.18717,Phoenix,AZ,Maricopa,,
85086,33.276539,-112.18717,Phoenix,AZ,Maricopa,,
85087,33.276539,-112.18717,New River,AZ,Maricopa,,
85098,33.276539,-112.18717,Phoenix,AZ,Maricopa,,
85099,33.276539,-112.18717,Phoenix,AZ,Maricopa,,
85201,33.440695,-111.856967,Mesa,AZ,Maricopa,,
85202,33.393484,-111.804513,Mesa,AZ,Maricopa,,
85203,33.448876,-111.824363,Mesa,AZ,Maricopa,,
85204,33.397131,-111.787678,Mesa,AZ,Maricopa,,
85205,33.443345,-111.732134,Mesa,AZ,Maricopa,,
85206,33.390148,-111.717968,Mesa,AZ,Maricopa,,
85207,33.443017,-111.743444,Mesa,AZ,Maricopa,,
85208,33.395932,-111.663655,Mesa,AZ,Maricopa,,
85210,33.387296,-111.840095,Mesa,AZ,Maricopa,,
85211,33.466313,-111.837345,Mesa,AZ,Maricopa,,
85212,33.342476,-111.635307,Mesa,AZ,Maricopa,,
85213,33.448407,-111.830905,Mesa,AZ,Maricopa,,
85214,33.276539,-112.18717,Mesa,AZ,Maricopa,,
85215,33.470724,-111.718829,Mesa,AZ,Maricopa,,
85216,33.276539,-112.18717,Mesa,AZ,Maricopa,,
85217,33.393398,-111.478975,Apache Junction,AZ,Pinal,,
85219,33.361583,-111.279538,Apache Junction,AZ,Pinal,,
85220,33.408443,-111.535089,Apache Junction,AZ,Pinal,,
85221,33.225652,-111.476001,Bapchule,AZ,Pinal,,
85222,32.89055,-111.753991,Casa Grande,AZ,Pinal,,
85223,32.745169,-111.603327,Arizona City,AZ,Pinal,,
85224,33.298461,-111.85062,Chandler,AZ,Maricopa,,
85225,33.325991,-111.824367,Chandler,AZ,Maricopa,,
85226,33.303777,-111.932892,Chandler,AZ,Maricopa,,
85227,33.212186,-111.686171,Chandler Heights,AZ,Maricopa,,
85228,32.904485,-111.247908,Coolidge,AZ,Pinal,,
85230,32.815123,-111.705441,Casa Grande,AZ,Pinal,,
85231,32.914889,-111.261161,Eloy,AZ,Pinal,,
85232,32.982354,-111.424943,Florence,AZ,Pinal,,
85233,33.335401,-111.815281,Gilbert,AZ,Maricopa,,
85234,33.352925,-111.780712,Gilbert,AZ,Maricopa,,
85235,33.576401,-110.855618,Hayden,AZ,Gila,,
85236,33.299317,-111.69546,Higley,AZ,Maricopa,,
85237,33.145984,-111.064109,Kearny,AZ,Pinal,,
85239,32.957645,-112.053351,Maricopa,AZ,Pinal,,
85241,32.689594,-111.531036,Picacho,AZ,Pinal,,
85242,33.284844,-111.656128,Queen Creek,AZ,Maricopa,,
85244,33.321316,-111.888824,Chandler,AZ,Maricopa,,
85245,32.579972,-111.340953,Red Rock,AZ,Pinal,,
85246,33.276539,-112.18717,Chandler,AZ,Maricopa,,
85247,33.141592,-111.714232,Sacaton,AZ,Pinal,,
85248,33.250947,-111.859308,Chandler,AZ,Maricopa,,
85249,33.247861,-111.770161,Chandler,AZ,Maricopa,,
85250,33.524143,-111.874248,Scottsdale,AZ,Maricopa,,
85251,33.420061,-111.792658,Scottsdale,AZ,Maricopa,,
85252,33.499529,-111.868432,Scottsdale,AZ,Maricopa,,
85253,33.360896,-111.963149,Paradise Valley,AZ,Maricopa,,
85254,33.483533,-111.83018,Scottsdale,AZ,Maricopa,,
85255,33.276539,-112.18717,Scottsdale,AZ,Maricopa,,
85256,33.507744,-111.80033,Scottsdale,AZ,Maricopa,,
85257,33.465646,-111.894039,Scottsdale,AZ,Maricopa,,
85258,33.553346,-111.879806,Scottsdale,AZ,Maricopa,,
85259,33.276539,-112.18717,Scottsdale,AZ,Maricopa,,
85260,33.276539,-112.18717,Scottsdale,AZ,Maricopa,,
85261,33.276539,-112.18717,Scottsdale,AZ,Maricopa,,
85262,33.407445,-111.915298,Scottsdale,AZ,Maricopa,,
85263,33.276539,-112.18717,Rio Verde,AZ,Maricopa,,
85264,33.625163,-111.677135,Fort Mcdowell,AZ,Maricopa,,
85266,33.276539,-112.18717,Scottsdale,AZ,Maricopa,,
85267,33.276539,-112.18717,Scottsdale,AZ,Maricopa,,
85268,33.276539,-112.18717,Fountain Hills,AZ,Maricopa,,
85269,33.276539,-112.18717,Fountain Hills,AZ,Maricopa,,
85271,33.276539,-112.18717,Scottsdale,AZ,Maricopa,,
85272,32.895764,-111.957245,Stanfield,AZ,Pinal,,
85273,33.180583,-111.130022,Superior,AZ,Pinal,,
85274,33.276539,-112.18717,Mesa,AZ,Maricopa,,
85275,33.276539,-112.18717,Mesa,AZ,Maricopa,,
85277,33.276539,-112.18717,Mesa,AZ,Maricopa,,
85278,32.983653,-111.326045,Apache Junction,AZ,Pinal,,
85279,32.983653,-111.326045,Florence,AZ,Pinal,,
85280,33.401395,-111.931298,Tempe,AZ,Maricopa,,
85281,33.432844,-111.927219,Tempe,AZ,Maricopa,,
85282,33.396736,-111.929253,Tempe,AZ,Maricopa,,
85283,33.373723,-111.876915,Tempe,AZ,Maricopa,,
85284,33.343546,-111.914127,Tempe,AZ,Maricopa,,
85285,33.276539,-112.18717,Tempe,AZ,Maricopa,,
85287,33.428511,-111.934865,Tempe,AZ,Maricopa,,
85289,33.276539,-112.18717,Tempe,AZ,Maricopa,,
85290,33.276539,-112.18717,Tortilla Flat,AZ,Maricopa,,
85291,33.013502,-111.42979,Valley Farms,AZ,Pinal,,
85292,33.070467,-110.789035,Winkelman,AZ,Gila,,
85296,33.314508,-111.748791,Gilbert,AZ,Maricopa,,
85299,33.276539,-112.18717,Gilbert,AZ,Maricopa,,
85301,33.276539,-112.18717,Glendale,AZ,Maricopa,,
85302,33.276539,-112.18717,Glendale,AZ,Maricopa,,
85303,33.276539,-112.18717,Glendale,AZ,Maricopa,,
85304,33.276539,-112.18717,Glendale,AZ,Maricopa,,
85305,33.276539,-112.18717,Glendale,AZ,Maricopa,,
85306,33.276539,-112.18717,Glendale,AZ,Maricopa,,
85307,33.276539,-112.18717,Glendale,AZ,Maricopa,,
85308,33.276539,-112.18717,Glendale,AZ,Maricopa,,
85309,33.276539,-112.18717,Luke Afb,AZ,Maricopa,,
85310,33.276539,-112.18717,Glendale,AZ,Maricopa,,
85311,33.276539,-112.18717,Glendale,AZ,Maricopa,,
85312,33.276539,-112.18717,Glendale,AZ,Maricopa,,
85313,33.276539,-112.18717,Glendale,AZ,Maricopa,,
85318,33.276539,-112.18717,Glendale,AZ,Maricopa,,
85320,33.276539,-112.18717,Aguila,AZ,Maricopa,,
85321,31.970131,-111.890713,Ajo,AZ,Pima,,
85322,33.276539,-112.18717,Arlington,AZ,Maricopa,,
85323,33.276539,-112.18717,Avondale,AZ,Maricopa,,
85324,34.075451,-112.134005,Black Canyon City,AZ,Yavapai,,
85325,33.95782,-114.003634,Bouse,AZ,La Paz,,
85326,33.276539,-112.18717,Buckeye,AZ,Maricopa,,
85327,33.276539,-112.18717,Cave Creek,AZ,Maricopa,,
85328,33.672255,-114.03215,Cibola,AZ,La Paz,,
85329,33.276539,-112.18717,Cashion,AZ,Maricopa,,
85331,33.276539,-112.18717,Cave Creek,AZ,Maricopa,,
85332,34.170305,-112.787686,Congress,AZ,Yavapai,,
85333,32.825705,-113.525199,Dateland,AZ,Yuma,,
85334,33.61767,-114.507697,Ehrenberg,AZ,La Paz,,
85335,33.276539,-112.18717,El Mirage,AZ,Maricopa,,
85336,32.530155,-114.774342,Gadsden,AZ,Yuma,,
85337,33.276539,-112.18717,Gila Bend,AZ,Maricopa,,
85338,33.276539,-112.18717,Goodyear,AZ,Maricopa,,
85339,33.335057,-112.182248,Laveen,AZ,Maricopa,,
85340,33.276539,-112.18717,Litchfield Park,AZ,Maricopa,,
85341,31.970131,-111.890713,Lukeville,AZ,Pima,,
85342,33.276539,-112.18717,Morristown,AZ,Maricopa,,
85343,33.276539,-112.18717,Palo Verde,AZ,Maricopa,,
85344,33.967712,-114.268073,Parker,AZ,La Paz,,
85345,33.276539,-112.18717,Peoria,AZ,Maricopa,,
85346,33.729219,-114.192454,Quartzsite,AZ,La Paz,,
85347,32.752609,-113.798728,Roll,AZ,Yuma,,
85348,33.64797,-113.662489,Salome,AZ,La Paz,,
85349,32.540068,-114.754999,San Luis,AZ,Yuma,,
85350,32.612408,-114.606214,Somerton,AZ,Yuma,,
85351,33.276539,-112.18717,Sun City,AZ,Maricopa,,
85352,32.693448,-113.976313,Tacna,AZ,Yuma,,
85353,33.276539,-112.18717,Tolleson,AZ,Maricopa,,
85354,33.276539,-112.18717,Tonopah,AZ,Maricopa,,
85355,33.276539,-112.18717,Waddell,AZ,Maricopa,,
85356,32.693461,-114.156058,Wellton,AZ,Yuma,,
85357,34.042203,-113.458002,Wenden,AZ,La Paz,,
85358,33.276539,-112.18717,Wickenburg,AZ,Maricopa,,
85359,33.66688,-114.239557,Quartzsite,AZ,La Paz,,
86021,36.974658,-112.978914,Colorado City,AZ,Mohave,,
85361,33.276539,-112.18717,Wittmann,AZ,Maricopa,,
85362,34.250781,-112.756652,Yarnell,AZ,Yavapai,,
85363,33.276539,-112.18717,Youngtown,AZ,Maricopa,,
85371,34.031791,-114.390171,Poston,AZ,La Paz,,
85372,33.276539,-112.18717,Sun City,AZ,Maricopa,,
85373,33.276539,-112.18717,Sun City,AZ,Maricopa,,
85374,33.276539,-112.18717,Surprise,AZ,Maricopa,,
85375,33.276539,-112.18717,Sun City West,AZ,Maricopa,,
85376,33.276539,-112.18717,Sun City West,AZ,Maricopa,,
85377,33.276539,-112.18717,Carefree,AZ,Maricopa,,
85378,33.276539,-112.18717,Surprise,AZ,Maricopa,,
85379,33.276539,-112.18717,Surprise,AZ,Maricopa,,
85380,33.276539,-112.18717,Peoria,AZ,Maricopa,,
85381,33.276539,-112.18717,Peoria,AZ,Maricopa,,
85382,33.276539,-112.18717,Peoria,AZ,Maricopa,,
85385,33.276539,-112.18717,Peoria,AZ,Maricopa,,
85387,33.276539,-112.18717,Surprise,AZ,Maricopa,,
85390,33.276539,-112.18717,Wickenburg,AZ,Maricopa,,
85501,33.476884,-110.868076,Globe,AZ,Gila,,
85502,33.421919,-110.81268,Globe,AZ,Gila,,
85530,33.038678,-109.785973,Bylas,AZ,Graham,,
85531,32.869243,-109.787778,Central,AZ,Graham,,
85532,33.415409,-110.814893,Claypool,AZ,Gila,,
85533,32.991251,-109.255872,Clifton,AZ,Greenlee,,
85534,32.881003,-109.215723,Duncan,AZ,Greenlee,,
85535,32.975112,-109.897401,Eden,AZ,Graham,,
85536,33.033314,-109.971733,Fort Thomas,AZ,Graham,,
85539,33.528204,-110.966562,Miami,AZ,Gila,,
85540,33.054062,-109.326923,Morenci,AZ,Greenlee,,
85541,33.864471,-111.075088,Payson,AZ,Gila,,
85542,33.741518,-110.860653,Peridot,AZ,Gila,,
85543,32.878042,-109.775698,Pima,AZ,Graham,,
85544,34.320445,-111.396855,Pine,AZ,Gila,,
85545,33.614316,-111.005928,Roosevelt,AZ,Gila,,
85546,32.813612,-109.701631,Safford,AZ,Graham,,
85547,34.257457,-111.28775,Payson,AZ,Gila,,
85548,32.797009,-109.752196,Safford,AZ,Graham,,
85550,33.289447,-110.491898,San Carlos,AZ,Gila,,
85551,32.842769,-109.696449,Solomon,AZ,Graham,,
85552,32.850436,-109.746133,Thatcher,AZ,Graham,,
85553,33.741518,-110.860653,Tonto Basin,AZ,Gila,,
85554,33.741518,-110.860653,Young,AZ,Gila,,
85601,31.970131,-111.890713,Arivaca,AZ,Pima,,
85602,32.035885,-110.262611,Benson,AZ,Cochise,,
85603,31.445577,-109.819216,Bisbee,AZ,Cochise,,
85605,31.891434,-109.706426,Bowie,AZ,Cochise,,
85606,32.043893,-109.835893,Cochise,AZ,Cochise,,
85607,31.604081,-109.866187,Douglas,AZ,Cochise,,
85608,31.415114,-109.596038,Douglas,AZ,Cochise,,
85609,32.040753,-109.818047,Dragoon,AZ,Cochise,,
85610,31.737711,-109.622175,Elfrida,AZ,Cochise,,
85611,31.609653,-110.563551,Elgin,AZ,Santa Cruz,,
85613,31.559131,-110.318682,Fort Huachuca,AZ,Cochise,,
85614,31.838223,-110.955483,Green Valley,AZ,Pima,,
85615,31.411921,-110.158573,Hereford,AZ,Cochise,,
85616,31.606087,-110.248009,Huachuca City,AZ,Cochise,,
85617,31.512083,-109.84377,Mc Neal,AZ,Cochise,,
85618,32.703898,-110.69592,Mammoth,AZ,Pinal,,
85619,32.376306,-110.760458,Mount Lemmon,AZ,Pima,,
85620,31.385182,-109.919794,Naco,AZ,Cochise,,
85621,31.46327,-110.8819,Nogales,AZ,Santa Cruz,,
85622,31.853334,-110.932803,Green Valley,AZ,Pima,,
85623,32.64213,-110.850082,Oracle,AZ,Pinal,,
85624,31.523845,-110.675964,Patagonia,AZ,Santa Cruz,,
85625,31.766243,-109.896053,Pearce,AZ,Cochise,,
85626,31.357528,-109.611545,Pirtleville,AZ,Cochise,,
85627,32.049456,-110.290892,Pomerene,AZ,Cochise,,
85628,31.531998,-110.909305,Nogales,AZ,Santa Cruz,,
85629,31.932883,-110.895188,Sahuarita,AZ,Pima,,
85630,31.891828,-110.170442,Saint David,AZ,Cochise,,
85631,32.620892,-110.599242,San Manuel,AZ,Pinal,,
85632,31.880077,-109.754263,San Simon,AZ,Cochise,,
85633,31.970131,-111.890713,Sasabe,AZ,Pima,,
85634,31.974033,-110.702027,Sells,AZ,Pima,,
85635,31.810649,-109.997623,Sierra Vista,AZ,Cochise,,
85636,31.668685,-110.280111,Sierra Vista,AZ,Cochise,,
85637,31.673105,-110.618814,Sonoita,AZ,Santa Cruz,,
85638,31.67106,-110.076564,Tombstone,AZ,Cochise,,
85639,31.970131,-111.890713,Topawa,AZ,Pima,,
85640,31.616167,-111.051279,Tumacacori,AZ,Santa Cruz,,
85641,32.002669,-110.705269,Vail,AZ,Pima,,
85643,32.07005,-109.886546,Willcox,AZ,Cochise,,
85644,32.30069,-109.878211,Willcox,AZ,Cochise,,
85645,31.672252,-111.09862,Amado,AZ,Santa Cruz,,
85646,31.593758,-111.066245,Tubac,AZ,Santa Cruz,,
85648,31.508436,-111.075695,Rio Rico,AZ,Santa Cruz,,
85650,31.489157,-110.215304,Sierra Vista,AZ,Cochise,,
85652,32.420055,-111.113178,Cortaro,AZ,Pima,,
85653,32.442979,-111.159344,Marana,AZ,Pima,,
85654,31.970131,-111.890713,Rillito,AZ,Pima,,
85655,31.880077,-109.754263,Douglas,AZ,Cochise,,
85662,31.531998,-110.909305,Nogales,AZ,Santa Cruz,,
85670,31.880077,-109.754263,Fort Huachuca,AZ,Cochise,,
85671,31.880077,-109.754263,Sierra Vista,AZ,Cochise,,
85701,32.217975,-110.970869,Tucson,AZ,Pima,,
85702,31.970131,-111.890713,Tucson,AZ,Pima,,
85703,31.970131,-111.890713,Tucson,AZ,Pima,,
85704,32.395222,-111.100062,Tucson,AZ,Pima,,
85705,32.294945,-110.900395,Tucson,AZ,Pima,,
85706,32.093314,-110.879684,Tucson,AZ,Pima,,
85707,32.169577,-110.875093,Tucson,AZ,Pima,,
85708,32.187559,-110.874973,Tucson,AZ,Pima,,
85709,32.200813,-110.897966,Tucson,AZ,Pima,,
85710,32.213926,-110.78934,Tucson,AZ,Pima,,
85711,32.214075,-110.883744,Tucson,AZ,Pima,,
85712,32.253714,-110.883744,Tucson,AZ,Pima,,
85713,32.192676,-110.945048,Tucson,AZ,Pima,,
85714,32.123064,-110.934945,Tucson,AZ,Pima,,
85715,32.251875,-110.819977,Tucson,AZ,Pima,,
85716,32.24425,-110.92318,Tucson,AZ,Pima,,
85717,31.970131,-111.890713,Tucson,AZ,Pima,,
85718,32.311724,-110.91898,Tucson,AZ,Pima,,
85719,32.247175,-110.947541,Tucson,AZ,Pima,,
85720,31.970131,-111.890713,Tucson,AZ,Pima,,
85721,32.233761,-110.949996,Tucson,AZ,Pima,,
85722,31.970131,-111.890713,Tucson,AZ,Pima,,
85723,31.970131,-111.890713,Tucson,AZ,Pima,,
85724,32.240571,-110.944343,Tucson,AZ,Pima,,
85725,31.970131,-111.890713,Tucson,AZ,Pima,,
85726,32.202726,-110.945346,Tucson,AZ,Pima,,
85728,31.970131,-111.890713,Tucson,AZ,Pima,,
85730,32.159829,-110.772728,Tucson,AZ,Pima,,
85731,32.088034,-110.708174,Tucson,AZ,Pima,,
85732,32.084775,-110.71225,Tucson,AZ,Pima,,
85733,31.970131,-111.890713,Tucson,AZ,Pima,,
85734,32.065082,-110.935337,Tucson,AZ,Pima,,
85735,32.440968,-110.976006,Tucson,AZ,Pima,,
85736,31.970131,-111.890713,Tucson,AZ,Pima,,
85737,32.435158,-110.984499,Tucson,AZ,Pima,,
85738,31.970131,-111.890713,Catalina,AZ,Pima,,
85739,32.465013,-110.892213,Tucson,AZ,Pima,,
85740,31.970131,-111.890713,Tucson,AZ,Pima,,
85741,32.340073,-111.058754,Tucson,AZ,Pima,,
85742,32.407562,-111.065029,Tucson,AZ,Pima,,
85743,32.333438,-111.065869,Tucson,AZ,Pima,,
85744,31.970131,-111.890713,Tucson,AZ,Pima,,
85745,32.215967,-110.869052,Tucson,AZ,Pima,,
85746,31.970131,-111.890713,Tucson,AZ,Pima,,
85747,32.098362,-110.727183,Tucson,AZ,Pima,,
85748,32.213246,-110.738517,Tucson,AZ,Pima,,
85749,32.263975,-110.74667,Tucson,AZ,Pima,,
85750,32.297374,-110.840422,Tucson,AZ,Pima,,
85751,32.161972,-110.714678,Tucson,AZ,Pima,,
85752,31.970131,-111.890713,Tucson,AZ,Pima,,
85754,31.970131,-111.890713,Tucson,AZ,Pima,,
85775,31.970131,-111.890713,Tucson,AZ,Pima,,
85777,32.071764,-110.859106,Tucson,AZ,Pima,,
85901,34.570811,-110.032025,Show Low,AZ,Navajo,,
85902,34.298092,-110.035185,Show Low,AZ,Navajo,,
85911,35.285746,-110.288704,Cibecue,AZ,Navajo,,
85912,34.266588,-110.203073,White Mountain Lake,AZ,Navajo,,
85920,34.177052,-109.240647,Alpine,AZ,Apache,,
85922,33.102464,-109.271169,Blue,AZ,Greenlee,,
85923,35.285746,-110.288704,Clay Springs,AZ,Navajo,,
85924,34.468787,-109.742654,Concho,AZ,Apache,,
85925,34.107708,-109.293952,Eagar,AZ,Apache,,
85926,34.201164,-110.010612,Fort Apache,AZ,Navajo,,
85927,35.237487,-109.52295,Greer,AZ,Apache,,
85928,34.40998,-110.588287,Heber,AZ,Navajo,,
85929,34.175198,-109.972598,Lakeside,AZ,Navajo,,
85930,34.075359,-109.853192,Mcnary,AZ,Apache,,
85931,35.537441,-111.27586,Forest Lakes,AZ,Coconino,,
85932,35.237487,-109.52295,Nutrioso,AZ,Apache,,
85933,34.408619,-110.560023,Overgaard,AZ,Navajo,,
85934,35.285746,-110.288704,Pinedale,AZ,Navajo,,
85935,34.141314,-109.935556,Pinetop,AZ,Navajo,,
85936,34.497709,-109.481543,Saint Johns,AZ,Apache,,
85937,34.521702,-110.110981,Snowflake,AZ,Navajo,,
85938,34.118938,-109.285553,Springerville,AZ,Apache,,
85939,34.314937,-110.002763,Taylor,AZ,Navajo,,
85940,35.237487,-109.52295,Vernon,AZ,Apache,,
85941,33.802071,-109.993738,Whiteriver,AZ,Navajo,,
85942,34.647454,-110.080632,Woodruff,AZ,Navajo,,
86001,35.932116,-111.597853,Flagstaff,AZ,Coconino,,
86002,35.630842,-112.052427,Flagstaff,AZ,Coconino,,
86003,35.630842,-112.052427,Flagstaff,AZ,Coconino,,
86004,35.610905,-111.324353,Flagstaff,AZ,Coconino,,
86011,35.630842,-112.052427,Flagstaff,AZ,Coconino,,
86015,35.630842,-112.052427,Bellemont,AZ,Coconino,,
86016,35.630842,-112.052427,Gray Mountain,AZ,Coconino,,
86017,34.94122,-111.640991,Munds Park,AZ,Coconino,,
86018,35.256347,-111.95003,Parks,AZ,Coconino,,
86020,35.630842,-112.052427,Cameron,AZ,Coconino,,
86022,36.96649,-112.524696,Fredonia,AZ,Coconino,,
86023,35.942057,-112.130937,Grand Canyon,AZ,Coconino,,
86024,35.630842,-112.052427,Happy Jack,AZ,Coconino,,
86025,34.776828,-110.089544,Holbrook,AZ,Navajo,,
86028,35.237487,-109.52295,Petrified Forest Natl Pk,AZ,Apache,,
86029,35.285746,-110.288704,Sun Valley,AZ,Navajo,,
86030,35.285746,-110.288704,Hotevilla,AZ,Navajo,,
86031,35.285746,-110.288704,Indian Wells,AZ,Navajo,,
86032,34.981359,-110.337348,Joseph City,AZ,Navajo,,
86033,35.285746,-110.288704,Kayenta,AZ,Navajo,,
86034,35.285746,-110.288704,Keams Canyon,AZ,Navajo,,
86035,35.630842,-112.052427,Leupp,AZ,Coconino,,
86036,36.922976,-111.449889,Marble Canyon,AZ,Coconino,,
86038,34.908287,-111.463026,Mormon Lake,AZ,Coconino,,
86039,35.285746,-110.288704,Kykotsmovi Village,AZ,Navajo,,
86040,36.910804,-111.502009,Page,AZ,Coconino,,
86042,35.285746,-110.288704,Polacca,AZ,Navajo,,
86043,35.285746,-110.288704,Second Mesa,AZ,Navajo,,
86044,35.630842,-112.052427,Tonalea,AZ,Coconino,,
86045,36.132723,-111.241773,Tuba City,AZ,Coconino,,
86046,35.915563,-112.366031,Williams,AZ,Coconino,,
86047,34.633764,-110.35061,Winslow,AZ,Navajo,,
86052,35.630842,-112.052427,North Rim,AZ,Coconino,,
86053,36.910554,-111.451826,Kaibito,AZ,Coconino,,
86054,36.593079,-110.655526,Shonto,AZ,Navajo,,
86301,34.620826,-112.567165,Prescott,AZ,Yavapai,,
86302,34.574921,-112.491528,Prescott,AZ,Yavapai,,
86303,34.49579,-112.378309,Prescott,AZ,Yavapai,,
86304,34.59668,-112.49066,Prescott,AZ,Yavapai,,
86305,34.683235,-112.208914,Prescott,AZ,Yavapai,,
86312,34.668291,-112.307777,Prescott Valley,AZ,Yavapai,,
86313,34.706724,-112.39773,Prescott,AZ,Yavapai,,
86314,34.627778,-112.262805,Prescott Valley,AZ,Yavapai,,
86320,34.970209,-112.263974,Ash Fork,AZ,Yavapai,,
86321,34.583624,-113.164742,Bagdad,AZ,Yavapai,,
86322,34.569687,-111.809798,Camp Verde,AZ,Yavapai,,
86323,34.755208,-112.171623,Chino Valley,AZ,Yavapai,,
86324,34.659484,-112.13222,Clarkdale,AZ,Yavapai,,
86325,34.735388,-111.927746,Cornville,AZ,Yavapai,,
86326,34.643596,-112.043547,Cottonwood,AZ,Yavapai,,
86327,34.55652,-112.284396,Dewey,AZ,Yavapai,,
86329,34.518883,-112.25234,Humboldt,AZ,Yavapai,,
86330,34.706724,-112.39773,Iron Springs,AZ,Yavapai,,
86331,34.748589,-112.108626,Jerome,AZ,Yavapai,,
86332,34.44395,-112.657865,Kirkland,AZ,Yavapai,,
86333,34.414534,-112.163493,Mayer,AZ,Yavapai,,
86334,34.80512,-112.537368,Paulden,AZ,Yavapai,,
86335,34.64161,-111.796517,Rimrock,AZ,Yavapai,,
86336,34.756885,-111.279927,Sedona,AZ,Coconino,,
86337,35.331088,-112.875402,Seligman,AZ,Yavapai,,
86338,34.706724,-112.39773,Skull Valley,AZ,Yavapai,,
86339,34.907188,-111.728572,Sedona,AZ,Coconino,,
86340,34.706724,-112.39773,Sedona,AZ,Yavapai,,
86341,34.776648,-111.76788,Sedona,AZ,Yavapai,,
86342,34.641736,-111.787154,Lake Montezuma,AZ,Yavapai,,
86343,34.706724,-112.39773,Crown King,AZ,Yavapai,,
86351,35.032371,-111.684752,Sedona,AZ,Coconino,,
86405,35.605301,-113.642712,Lake Havasu City,AZ,Mohave,,
86434,35.540361,-113.415346,Peach Springs,AZ,Mohave,,
86411,35.605301,-113.642712,Hackberry,AZ,Mohave,,
86437,35.605301,-113.642712,Valentine,AZ,Mohave,,
86438,35.605301,-113.642712,Yucca,AZ,Mohave,,
86445,35.19657,-113.5,Willow Beach,AZ,Mohave,,
85360,35.74782,-113.8106,Wikieup,AZ,Mohave,35.19657,-113.5
86412,35.397172,-113.843241,Hualapai,AZ,Mohave,,
86401,35.341456,-114.017106,Kingman,AZ,Mohave,,
86402,35.263249,-114.063651,Kingman,AZ,Mohave,,
86444,35.982167,-114.077519,Meadview,AZ,Mohave,,
86406,34.756714,-114.11897,Lake Havasu City,AZ,Mohave,,
86443,35.210634,-114.179228,Temple Bar Marina,AZ,Mohave,,
86413,35.30024,-114.221531,Golden Valley,AZ,Mohave,,
86431,35.389575,-114.222136,Chloride,AZ,Mohave,,
86441,35.269759,-114.243188,Dolan Springs,AZ,Mohave,,
86440,35.0524,-114.245399,Mohave Valley,AZ,Mohave,,
86403,34.500556,-114.310294,Lake Havasu City,AZ,Mohave,,
86435,35.630842,-112.052427,Supai,AZ,Coconino,,
86442,35.005498,-114.323801,Bullhead City,AZ,Mohave,,
86404,34.557533,-114.330704,Lake Havasu City,AZ,Mohave,,
86433,35.028492,-114.383666,Oatman,AZ,Mohave,,
86436,34.779071,-114.482571,Topock,AZ,Mohave,,
86429,35.171497,-114.538599,Bullhead City,AZ,Mohave,,
86432,34.901161,-114.543288,Littlefield,AZ,Mohave,,
86430,35.147264,-114.543299,Bullhead City,AZ,Mohave,,
86426,35.066454,-114.567333,Fort Mohave,AZ,Mohave,,
86427,35.00429,-114.581228,Fort Mohave,AZ,Mohave,,
86446,34.849946,-114.591728,Mohave Valley,AZ,Mohave,,
86439,35.095848,-114.619445,Bullhead City,AZ,Mohave,,
86502,35.237487,-109.52295,Chambers,AZ,Apache,,
86503,36.527297,-109.691925,Chinle,AZ,Apache,,
86504,35.237487,-109.52295,Fort Defiance,AZ,Apache,,
86505,35.237487,-109.52295,Ganado,AZ,Apache,,
86506,35.337124,-109.247759,Houck,AZ,Apache,,
86507,36.398903,-109.259299,Lukachukai,AZ,Apache,,
86508,35.237487,-109.52295,Lupton,AZ,Apache,,
86510,35.962139,-110.308125,Pinon,AZ,Navajo,,
86511,35.903962,-109.308746,Saint Michaels,AZ,Apache,,
86512,35.406729,-109.285537,Sanders,AZ,Apache,,
86514,35.237487,-109.52295,Teec Nos Pos,AZ,Apache,,
86515,35.667596,-109.07844,Window Rock,AZ,Apache,,
86520,35.285746,-110.288704,Blue Gap,AZ,Navajo,,
86535,35.237487,-109.52295,Dennehotso,AZ,Apache,,
86538,35.237487,-109.52295,Many Farms,AZ,Apache,,
86540,35.237487,-109.52295,Nazlini,AZ,Apache,,
86544,35.237487,-109.52295,Red Valley,AZ,Apache,,
86545,35.237487,-109.52295,Rock Point,AZ,Apache,,
86547,35.237487,-109.52295,Round Rock,AZ,Apache,,
86549,35.237487,-109.52295,Sawmill,AZ,Apache,,
86556,35.237487,-109.52295,Tsaile,AZ,Apache,,
